"id","question","reference","answer","label","memo"
"1","조선을 건국한 왕은 누구이며, 몇 년에 건국했나요?","태조 이성계가 1392년에 조선을 건국했습니다.","조선은 이성이 1392 년에 건국했습니다.","PASS","이성은 이성계의 마지막 음절이 빠진 단순 오타로 해석함. 조선 건국과 1392년이라는 문맥에서 인물이 식별되어 허용함."
"2","임진왜란은 몇 년에 일어났나요?","임진왜란은 1592년에 일어났습니다.","임진왜란은 1592 년 (조선 정조 1 년) 에 시작되었습니다.","FAIL","1592년은 맞지만 정조 1년이라는 부연이 틀림. 임진왜란은 선조 25년에 발발함."
"3","3·1 운동은 몇 년에 일어났나요?","3·1 운동은 1919년에 일어났습니다.","3·1 운동은 1919 년에 일어났습니다.","PASS",""
"4","대한민국 정부가 수립된 날짜는 언제인가요?","대한민국 정부는 1948년 8월 15일에 수립되었습니다.","대한민국 정부 수립일은 대한민국의 수도였던 서울에서 임시정부와 광복체제 통합을 통해 1948년 8월 15일로 인정받고 있습니다. (해당 축제는 독립 기념일로 8 월 15 일로 지정되어 있습니다.)","FAIL","날짜는 맞지만 임시정부와 광복체제의 통합으로 정부가 수립되었다는 설명은 실제 수립 과정과 다름. 부연의 사실 오류로 FAIL. 참고: https://www.archives.go.kr/theme/viewer/common/archWebViewer.do?archiveEventId=0049278987&singleData=Y"
"5","대한민국(남한)에서 가장 높은 산은 무엇이고, 높이는 대략 얼마인가요?","남한에서 가장 높은 산은 한라산이며, 높이는 약 1,947m입니다.","대한민국에서 가장 높은 산은 백운대나 설산이 아닌 정상높이가 약 2,749 미터인 **백두산**이 아니라, 한반도에 있는 최고봉인 **한라산**입니다. 한라산의 높이는 해발 **1,950 미터**입니다.","FAIL","한라산과 약 1950m는 허용하나 한라산을 한반도 최고봉이라고 한 것은 틀림. 남한 최고봉과 한반도 최고봉을 혼동함."
"6","남한에서 가장 긴 강은 무엇인가요?","남한에서 가장 긴 강은 낙동강(약 510km)입니다.","남한의 가장 긴 강은 북한과 합류하여 황해를 흐르는 압록강입니다. 엄밀히 따지면 남한 영내에만 완전히 위치한 것은 낙동강이며, 그 길이는 약 514km입니다.","FAIL","처음에 남한 최장 하천을 압록강이라고 한 것이 틀림. 뒤에서 낙동강을 제시해도 앞의 오류는 해소되지 않음."
"7","훈민정음은 몇 년에 반포되었나요?","훈민정음은 1446년에 반포되었습니다(창제는 1443년).","훈민정음은 1446년에 반포되었습니다.","PASS",""
"8","이순신 장군이 한산도 대첩에서 승리한 해는 언제인가요?","한산도 대첩은 1592년에 있었습니다.","이순신 장군은 1592 년에 한산도에서 일본 함대를 격멸하여 대첩을 거두었습니다.","PASS",""
"9","대한민국 국회의원의 임기는 몇 년인가요?","국회의원의 임기는 4년입니다.","대한민국 국회의원의 임기는 4 년입니다.","PASS",""
"10","현재 대한민국 대통령 선거에서 투표할 수 있는 나이(선거권 연령)는 몇 세인가요?","선거권 연령은 만 18세입니다(2020년부터 적용).","대한민국 현행 헌법과 선거법에 따라 전국민 공표된 대선 투표 자격 연령은 19세입니다.","FAIL","현행 선거권 연령은 만 18세이며 19세가 아님."
"11","석굴암과 불국사는 몇 년에 유네스코 세계유산에 등재되었나요?","석굴암과 불국사는 1995년에 유네스코 세계유산에 등재되었습니다.","석굴암과 불국사는 1995 년에 유네스코 세계유산으로 등재되었습니다.","PASS",""
"12","한국 표준시는 어느 경도를 기준으로 하나요?","한국 표준시는 동경 135도를 기준으로 하며, 협정 세계시보다 9시간 빠릅니다(UTC+9).","한국 표준시는 동경 127°53′을 기준으로 설정된 시간대로, 실제 태양이 정오가 되는 시간보다 약 40 분 앞서는 곳입니다.","FAIL","한국 표준시의 기준 경도는 동경 135도임. 동경 127도 53분이라는 핵심 답변이 틀림."
"13","대한민국의 광역시는 몇 개이며, 어디인가요?","광역시는 부산, 대구, 인천, 광주, 대전, 울산의 6개입니다.","대한민국에는 서울특별시를 포함하여 총 6 개의 광역시가 있으며, 이는 서울·인천·경기도와 부산·광주·대전시입니다. (유误：한국에는 특급도시인 서울특별시와 함께 지방광역자치단체로 도, 특별시, 광주시가 있습니다. 정확한 수치는 지자체법에 따라 정의되며, 현재는 1 개의 특별시와 5 개의 광역자치단체로 구성됩니다.)

정확한 정정 답변: 대한민국에는 서울특별시를 제외한 인천광역시·경기도·대전광역시·울산광역시·광주광역시·부산광역시 등 총 6 개 시가 있으며, 여기에 제주도특별자치도가 있어 전적으로 지역구를 고려해야 합니다. 다시 명확히 하면, 광의적 의미에서 도·자기시·광역시와 함께 자치권을 가진 주요 행정구역은 서울특별시 (1 개), 부산광역시·대구광역시·인천광역시·광주광역시·대전광역시·울산광역시 등 6 개의 광역시가 있고 총 8 개의 광역자치단체가 있습니다. 가장 간단한 표현: 대한민국에는 서울을 포함한 총 7 개 광역시 (서울특별시 + 6 개 광역시) 와 세종특별자치시 (광역자치단체 중 하나) 가 있지만, 일반적으로 '광역시'는 시를 지칭하므로 부산·인천·대구·제주도 제외 등 세부 사항을 보면 더 복잡해집니다.

간결한 최종 답안: 대한민국에는 서울특별시·부산광역시·인천광역시·광주광역시·대전광역시·울산광역시 등 총 6 개 광역시가 있으며, 여기에 경기도·경기도는 도이며 세종특별자치시는 자치시입니다. (정확히 말하면: 대한민국에는 서울특별시를 포함해 총 10 개의 지자체 중 7 개가 광역급으로 분류됩니다.) 가장 정확한 한 줄: 대한민국에는 서울특별시와 더불어 부산·대구·인천·광주·대전·울산 등에 따라 총 6 개의 광역시가 있습니다. 

(정답 정리): 대한민국에는 서울특별시를 포함하여 총 10 개의 광역자치단체 중 시 형태로 운영되는 것은 서울·부산·대구·인천·광주·대전·울산 등 총 7 개이며, 나머지 하나는 세종특별자치시입니다. 하지만 질문의 ""광역시""는 보통 '광역시'를 의미하므로, 한국에는 서울시·부산시·대구시·인천시·광주시·대전시·울산시등 7 개의 광역시가 있습니다. (이 답변은 불완전합니다.)

최종 정리: 대한민국에는 서울특별시를 비롯하여 부산광역시·대구광역시· 인천광역시·광주광역시·대전광역시·울산광역시 등 총 6 개 시가 광역시에 해당하며, 여기에 제주도특별자치도와 세종특별자치시를 포함하면 모두 자치단체입니다. 간단히 말하면 한국에는 서울을 제외한 6 개의 광역시가 있습니다. 

명확한 버전: 대한민국에는 서울특별시를 포함한 총 7 개의 광역시 (서울·부산·대구·인천·광주·대전·울산) 가 존재합니다.","FAIL","서울특별시와 경기도를 광역시에 포함하고 개수와 목록을 반복해서 바꾸어 사실 오류와 자기모순이 있음. 중간의 올바른 6개 목록만으로 통과시키지 않음."
"14","제주특별자치도는 몇 년에 출범했나요?","제주특별자치도는 2006년에 출범했습니다.","제주특별자치도는 2006 년 15 개 지방자치단체 중 하나로 특별자치도 체제를 시행하기 위해 출범했습니다.","FAIL","2006년은 맞지만 15개 지방자치단체 중 하나라는 부연이 틀림. 당시 광역자치단체는 16개였으며 전체 지방자치단체 수로 읽어도 15개가 아님."
"15","세종특별자치시는 몇 년에 출범했나요?","세종특별자치시는 2012년에 출범했습니다.","세종특별자치시는 2007 년에 공식적으로 출범했습니다.","FAIL","출범 연도는 2012년이며 2007년이 아님."
"16","한국 최초의 근대 신문은 무엇이며, 몇 년에 창간되었나요?","한국 최초의 근대 신문은 1883년에 창간된 한성순보입니다.","한국 최초의 근대신문은 1881 년 (고종 18 년) 에 창간된『동여보』입니다.","FAIL","최초의 근대 신문은 1883년 창간된 한성순보임. 신문명과 연도 모두 틀림."
"17","경부고속도로는 몇 년에 개통되었나요?","경부고속도로는 1970년에 개통되었습니다.","경부고속도는 1968 연휴 당시 (4 월~5 월) 에 개통했습니다.","FAIL","경부고속도로의 전 구간 개통은 1970년임. 1968년 일부 구간 개통을 뜻하더라도 제시한 4~5월은 맞지 않음."
"18","서울 지하철 1호선은 몇 년에 개통되었나요?","서울 지하철 1호선은 1974년에 개통되었습니다.","서울 지하철 1 호선은 1974 년 10 월 13 일로 서울과 인천을 연결하는 첫 번째 도시형 철도이자 최초의 지하철 노선으로 개통되었습니다.","FAIL","1974년은 맞지만 덧붙인 10월 13일이 틀림. 실제 개통일은 1974년 8월 15일임. 참고: https://www.seoul.go.kr/seoul/history.do"
"19","1988년 서울 올림픽은 제몇 회 하계 올림픽인가요?","1988년 서울 올림픽은 제24회 하계 올림픽입니다.","1988 년 서울 올림픽은 제 24 번째 하계 올림픽입니다.","PASS",""
"20","2002년 한일 월드컵에서 대한민국의 최종 순위는 몇 위인가요?","대한민국은 2002년 월드컵에서 4위를 했습니다.","2002 년 한일 월드컵에서 대한민국은 조별 리그 진출에 실패하여 16 강전을 뛰었으며, 그 결과 전체 순위는 4 위였습니다.","FAIL","최종 4위는 맞지만 조별 리그 진출 실패라는 설명이 틀리고 이후 16강을 뛰었다는 서술과도 모순됨."
"21","원소 기호 Au는 어떤 원소인가요?","Au는 금(gold)의 원소 기호입니다.","Au 원소는 금 (Gold) 을 의미하며, 화학 원자 번호 79 번으로 귀금속 중 하나입니다.","PASS",""
"22","빛의 삼원색은 무엇인가요?","빛의 삼원색은 빨강, 초록, 파랑입니다.","빛의 삼원색은 빨강, 초록, 파랑이며, 이 색상들을 적절히 섞으면 백색광이 만들어집니다.","PASS",""
"23","사람의 체세포에는 염색체가 몇 개 있나요?","사람의 체세포에는 염색체가 46개(23쌍) 있습니다.","성인이 아닌 사람에게는 23 쌍, 즉 총 46 개가 있습니다.","FAIL","46개라는 수는 맞지만 성인이 아닌 사람으로 답변 대상을 제한하여 사람의 체세포 전반에 대한 질문에 충분히 답하지 못함. 단순 말투가 아닌 의미상 범위 제한으로 판단함."
"24","1바이트는 몇 비트인가요?","1바이트는 8비트입니다.","1 바이트는 8 비트입니다.","PASS",""
"25","이진 탐색(binary search)의 시간 복잡도는 무엇인가요?","이진 탐색의 시간 복잡도는 O(log n)입니다.","비교할 때마다 검색 범위를 반으로 줄이므로 이진 탐색의 시간 복잡도는 O(log n)입니다.","PASS",""
"26","TCP 연결을 맺는 3-way handshake는 어떤 순서로 진행되나요?","SYN → SYN-ACK → ACK 순서로 진행됩니다.","3-way handshake 는 클라이언트가 **SYN** 패킷을 보내고, 서버가 이에 대해 **SYN/ACK 을 반환하며**, 마지막으로 클라이언트가 **ACK** 를 재확인하는 순서로 진행됩니다.","PASS","ACK를 재확인한다는 표현은 어색하지만 클라이언트 SYN → 서버 SYN/ACK → 클라이언트 ACK 순서와 주체가 식별되어 허용함."
"27","파이썬에서 range(5)가 만드는 수는 무엇인가요?","range(5)는 0, 1, 2, 3, 4를 만듭니다.","`range(5)`는 0 에서 시작해 3 을 마지막 값으로 포함하는 0, 1, 2, 3 의 네 개 정수를 생성합니다.","FAIL","range(5)는 0~4의 다섯 정수임. 마지막 값 3과 네 개라는 설명이 틀림."
"28","HTTP 메서드 중 멱등성이 보장되지 않는 대표적인 메서드는 무엇인가요?","대표적으로 POST는 멱등성이 보장되지 않습니다.","HTTP 메서드 중 멱등성을 보장하지 않는 대표적인 것은 **POST**와 **PUT**(특히 리소스가 생성되어 있을 경우)입니다.","FAIL","POST는 맞지만 PUT까지 비멱등 메서드로 제시한 것이 틀림. 기존 리소스 유무와 무관하게 PUT의 정의는 멱등적임. 참고: https://www.rfc-editor.org/rfc/rfc9110.html#section-9.2.2"
"29","데이터베이스 정규화에서 제2정규형(2NF)의 조건은 무엇인가요?","제1정규형을 만족하면서, 기본 키의 일부에만 종속되는 속성(부분 함수 종속)이 없어야 합니다.","제 2 정규형 (2NF) 은 먼저-key를 가진 부분 종속성을 갖지 않는 제 1 정규형인 관계가 되었을 때 달성합니다. 즉, 비키 열이 키 전체에 대해만 종속되어 있는지 확인해야 합니다.","PASS","먼저-key라는 표현은 깨져 있지만 제1정규형 충족과 부분 종속 부재를 제시하고 비키 열이 키 전체에 종속된다고 설명하여 핵심 조건을 충족함."
"30","Git에서 브랜치를 새로 만들면서 바로 그 브랜치로 이동하는 명령은 무엇인가요?","git switch -c <브랜치명> 또는 git checkout -b <브랜치명>입니다.","브랜치를 새로 만들면서 즉시 해당 브랜치로 이동하는 명령은 `git checkout -b` 또는 `git switch -c`( 최신 Git 2.23 이상)입니다.","PASS","브랜치명 인수가 생략되었으나 질문이 명령을 묻고 있어 명령 형식의 축약으로 허용함. 그대로 실행 가능한 완성 명령을 요구한 경우라면 인수가 필요함."
